{
    "metrics": {
        "http_req_failed": {
            "passes": 0,
            "fails": 586474,
            "value": 0
        },
        "http_req_tls_handshaking": {
            "min": 0,
            "med": 0,
            "max": 0,
            "p(90)": 0,
            "p(95)": 0,
            "avg": 0
        },
        "http_req_sending": {
            "p(90)": 0.012243,
            "p(95)": 0.025701499999999766,
            "avg": 0.28662370284271654,
            "min": 0.003186,
            "med": 0.007273,
            "max": 566.088919
        },
        "iteration_duration": {
            "avg": 1027.1765108627399,
            "min": 1000.242349,
            "med": 1002.616908,
            "max": 2466.33323,
            "p(90)": 1045.9803527,
            "p(95)": 1093.973563
        },
        "vus": {
            "value": 4258,
            "min": 4258,
            "max": 10000
        },
        "data_sent": {
            "count": 60344171,
            "rate": 988447.9927067443
        },
        "http_req_blocked": {
            "avg": 3.8699490466530064,
            "min": 0.001112,
            "med": 0.003026,
            "max": 1275.498265,
            "p(90)": 0.004639,
            "p(95)": 0.005621
        },
        "checks": {
            "passes": 586474,
            "fails": 0,
            "value": 1
        },
        "vus_max": {
            "min": 10000,
            "max": 10000,
            "value": 10000
        },
        "http_req_connecting": {
            "avg": 3.833949320327913,
            "min": 0,
            "med": 0,
            "max": 1275.467176,
            "p(90)": 0,
            "p(95)": 0
        },
        "data_received": {
            "count": 555390878,
            "rate": 9097398.96048512
        },
        "http_reqs": {
            "count": 586474,
            "rate": 9606.545892803717
        },
        "http_req_duration{expected_response:true}": {
            "p(95)": 85.05892649999987,
            "avg": 21.810620175773987,
            "min": 0.181309,
            "med": 2.2829275,
            "max": 964.700855,
            "p(90)": 42.379249100000116
        },
        "http_req_duration": {
            "avg": 21.810620175773987,
            "min": 0.181309,
            "med": 2.2829275,
            "max": 964.700855,
            "p(90)": 42.379249100000116,
            "p(95)": 85.05892649999987,
            "thresholds": {
                "p(95)<500": false
            }
        },
        "iterations": {
            "count": 586474,
            "rate": 9606.545892803717
        },
        "http_req_waiting": {
            "min": 0.163175,
            "med": 2.2506519999999997,
            "max": 948.997917,
            "p(90)": 41.73672480000017,
            "p(95)": 83.51365834999999,
            "avg": 21.316798710383054
        },
        "http_req_receiving": {
            "max": 614.268815,
            "p(90)": 0.035226,
            "p(95)": 0.040990149999999795,
            "avg": 0.20719776254872335,
            "min": 0.008356,
            "med": 0.022682
        }
    },
    "root_group": {
        "name": "",
        "path": "",
        "id": "d41d8cd98f00b204e9800998ecf8427e",
        "groups": {},
        "checks": {
                "status is 200": {
                    "path": "::status is 200",
                    "id": "6210a8cd14cd70477eba5c5e4cb3fb5f",
                    "passes": 586474,
                    "fails": 0,
                    "name": "status is 200"
                }
            }
    }
}