{
    "root_group": {
        "checks": {
            "status is 200": {
                "name": "status is 200",
                "path": "::status is 200",
                "id": "6210a8cd14cd70477eba5c5e4cb3fb5f",
                "passes": 390364,
                "fails": 0
            }
        },
        "name": "",
        "path": "",
        "id": "d41d8cd98f00b204e9800998ecf8427e",
        "groups": {}
    },
    "metrics": {
        "http_reqs": {
            "count": 390364,
            "rate": 9520.294529991139
        },
        "http_req_failed": {
            "passes": 0,
            "fails": 390364,
            "value": 0
        },
        "iterations": {
            "count": 390364,
            "rate": 9520.294529991139
        },
        "http_req_duration": {
            "avg": 27.79837533088637,
            "min": 0.229818,
            "med": 2.7197915000000004,
            "max": 1524.290363,
            "p(90)": 23.712999399999998,
            "p(95)": 46.62500774999995,
            "thresholds": {
                "p(95)<500": false
            }
        },
        "http_req_receiving": {
            "avg": 0.025727077466160046,
            "min": 0.009457,
            "med": 0.023023,
            "max": 17.915025,
            "p(90)": 0.034795,
            "p(95)": 0.039995
        },
        "http_req_sending": {
            "avg": 0.478999898617649,
            "min": 0.003286,
            "med": 0.007033,
            "max": 142.38317,
            "p(90)": 0.011481,
            "p(95)": 0.018685
        },
        "http_req_waiting": {
            "p(95)": 46.570987099999975,
            "avg": 27.293648354802723,
            "min": 0.204682,
            "med": 2.6875400000000003,
            "max": 1513.080913,
            "p(90)": 23.667800400000008
        },
        "http_req_tls_handshaking": {
            "avg": 0,
            "min": 0,
            "med": 0,
            "max": 0,
            "p(90)": 0,
            "p(95)": 0
        },
        "data_received": {
            "count": 695685259,
            "rate": 16966545.495622467
        },
        "http_req_duration{expected_response:true}": {
            "p(95)": 46.62500774999995,
            "avg": 27.79837533088637,
            "min": 0.229818,
            "med": 2.7197915000000004,
            "max": 1524.290363,
            "p(90)": 23.712999399999998
        },
        "vus": {
            "value": 2984,
            "min": 2984,
            "max": 10000
        },
        "checks": {
            "passes": 390364,
            "fails": 0,
            "value": 1
        },
        "data_sent": {
            "count": 40165692,
            "rate": 979570.9077704626
        },
        "iteration_duration": {
            "avg": 1032.0024499722279,
            "min": 1000.293423,
            "med": 1002.9386545,
            "max": 2700.672604,
            "p(90)": 1023.8863874,
            "p(95)": 1046.96101715
        },
        "http_req_blocked": {
            "med": 0.002965,
            "max": 1064.078046,
            "p(90)": 0.004578,
            "p(95)": 0.005881,
            "avg": 3.9967898535816,
            "min": 0.001152
        },
        "http_req_connecting": {
            "avg": 3.9710413032759035,
            "min": 0,
            "med": 0,
            "max": 1047.699083,
            "p(90)": 0,
            "p(95)": 0
        },
        "vus_max": {
            "value": 10000,
            "min": 10000,
            "max": 10000
        }
    }
}